Ocupação;Quantitativo;Porcentagem;Data de carga
Administrador;7499;0,0134;2024-09-30 11:01:17
Advogado;11074;0,0199;2024-09-30 11:01:17
Agenciador de Propaganda;98;0,0002;2024-09-30 11:01:17
Agente Administrativo;3977;0,0071;2024-09-30 11:01:17
Agente Postal;284;0,0005;2024-09-30 11:01:17
Agente de Saúde e Sanitarista;3866;0,0069;2024-09-30 11:01:17
Agente de Serviços Funerários e Embalsamador;125;0,0002;2024-09-30 11:01:17
Agente de Viagem;139;0,0002;2024-09-30 11:01:17
Agricultor;38070;0,0683;2024-09-30 11:01:17
Agrônomo;535;0,001;2024-09-30 11:01:17
Alfaiate e Costureiro;423;0,0008;2024-09-30 11:01:17
Almoxarife;349;0,0006;2024-09-30 11:01:17
Analista de Sistemas;347;0,0006;2024-09-30 11:01:17
Antropólogo;8;0;2024-09-30 11:01:17
Aposentado (Exceto Servidor Público);19475;0,0349;2024-09-30 11:01:17
Arqueólogo;7;0;2024-09-30 11:01:17
Arquiteto;457;0,0008;2024-09-30 11:01:17
Arquivista e Museólogo;20;0;2024-09-30 11:01:17
Artesão;1124;0,002;2024-09-30 11:01:17
Artista Plástico e Assemelhados;272;0,0005;2024-09-30 11:01:17
Artista de Circo;53;0,0001;2024-09-30 11:01:17
Assistente Social;2257;0,004;2024-09-30 11:01:17
Astrólogo;6;0;2024-09-30 11:01:17
Astrônomo;100;0,0002;2024-09-30 11:01:17
Atendente de Lanchonete e Restaurante;519;0,0009;2024-09-30 11:01:17
Atleta Profissional e Técnico em Desportos;326;0,0006;2024-09-30 11:01:17
Ator e Diretor de Espetáculos Públicos;167;0,0003;2024-09-30 11:01:17
Auxiliar de Escritório e Assemelhados;4442;0,008;2024-09-30 11:01:17
Auxiliar de Laboratório;199;0,0004;2024-09-30 11:01:17
Bacteriologista e Assemelhados;5;0;2024-09-30 11:01:17
Bancário e Economiário;644;0,0012;2024-09-30 11:01:17
Bibliotecário;64;0,0001;2024-09-30 11:01:17
Biomédico;154;0,0003;2024-09-30 11:01:17
Biólogo;300;0,0005;2024-09-30 11:01:17
Bombeiro Civil;386;0,0007;2024-09-30 11:01:17
Bombeiro Militar;350;0,0006;2024-09-30 11:01:17
Bombeiro e Instalador de Gás, Água, Esgoto e Assemelhados;89;0,0002;2024-09-30 11:01:17
Cabeleireiro e Barbeiro;5962;0,0107;2024-09-30 11:01:17
Cantor e Compositor;786;0,0014;2024-09-30 11:01:17
Capitalista de Ativos Financeiros;7;0;2024-09-30 11:01:17
Carpinteiro, Marceneiro e Assemelhados;1306;0,0023;2024-09-30 11:01:17
Carvoeiro;26;0;2024-09-30 11:01:17
Catador de Recicláveis;234;0,0004;2024-09-30 11:01:17
Ceramista e Oleiro;76;0,0001;2024-09-30 11:01:17
Chapeleiro;4;0;2024-09-30 11:01:17
Chaveiro;97;0,0002;2024-09-30 11:01:17
Cientista Político;42;0,0001;2024-09-30 11:01:17
Cobrador de Transporte Coletivo;191;0,0003;2024-09-30 11:01:17
Comandante de Embarcações;16;0;2024-09-30 11:01:17
Comerciante;30767;0,0552;2024-09-30 11:01:17
Comerciário;2672;0,0048;2024-09-30 11:01:17
Comissário de Bordo;7;0;2024-09-30 11:01:17
Comunicólogo;114;0,0002;2024-09-30 11:01:17
Contador;2206;0,004;2024-09-30 11:01:17
Controlador de Tráfego Aéreo;1;0;2024-09-30 11:01:17
Coreógrafo e Bailarino;55;0,0001;2024-09-30 11:01:17
Corretor de Imóveis, Seguros, Títulos e Valores;2644;0,0047;2024-09-30 11:01:17
Cortador, Polidor e Gravador de Pedras;18;0;2024-09-30 11:01:17
Coveiro;59;0,0001;2024-09-30 11:01:17
Cozinheiro;1870;0,0034;2024-09-30 11:01:17
Decorador;158;0,0003;2024-09-30 11:01:17
Demonstrador;16;0;2024-09-30 11:01:17
Deputado;183;0,0003;2024-09-30 11:01:17
Desenhista;166;0,0003;2024-09-30 11:01:17
Despachante;400;0,0007;2024-09-30 11:01:17
Detetive Particular;39;0,0001;2024-09-30 11:01:17
Digitador;127;0,0002;2024-09-30 11:01:17
Diplomata;1;0;2024-09-30 11:01:17
Diretor de Empresas;191;0,0003;2024-09-30 11:01:17
Diretor de Estabelecimento de Ensino;361;0,0006;2024-09-30 11:01:17
Dona de Casa;22332;0,04;2024-09-30 11:01:17
Economista;327;0,0006;2024-09-30 11:01:17
Economista Doméstico;16;0;2024-09-30 11:01:17
Eletricista e Assemelhados;2621;0,0047;2024-09-30 11:01:17
Embalador, Empacotador e Assemelhados;228;0,0004;2024-09-30 11:01:17
Empregado Doméstico;1351;0,0024;2024-09-30 11:01:17
Empresário;33422;0,0599;2024-09-30 11:01:17
Encanador, Soldador, Chapeador e Caldeireiro;392;0,0007;2024-09-30 11:01:17
Enfermeiro;3916;0,007;2024-09-30 11:01:17
Engenheiro;2699;0,0048;2024-09-30 11:01:17
Engraxate;6;0;2024-09-30 11:01:17
Escritor e Crítico;87;0,0002;2024-09-30 11:01:17
Escultor e Pintor;189;0,0003;2024-09-30 11:01:17
Estatístico;5;0;2024-09-30 11:01:17
Esteticista;505;0,0009;2024-09-30 11:01:17
Estivador, Carregador e Assemelhados;115;0,0002;2024-09-30 11:01:17
Estofador;80;0,0001;2024-09-30 11:01:17
Estudante, Bolsista, Estagiário e Assemelhados;8273;0,0148;2024-09-30 11:01:17
Farmacêutico;926;0,0017;2024-09-30 11:01:17
Faxineiro;992;0,0018;2024-09-30 11:01:17
Feirante, Ambulante e Mascate;536;0,001;2024-09-30 11:01:17
Ferroviário;27;0;2024-09-30 11:01:17
Fiandeiro, Tecelão, Tingidor e Assemelhados;33;0,0001;2024-09-30 11:01:17
Fiscal;495;0,0009;2024-09-30 11:01:17
Fiscal de Transporte Coletivo;47;0,0001;2024-09-30 11:01:17
Fisioterapeuta e Terapeuta Ocupacional;896;0,0016;2024-09-30 11:01:17
Fonoaudiólogo;87;0,0002;2024-09-30 11:01:17
Fotógrafo e Assemelhados;686;0,0012;2024-09-30 11:01:17
Frentista;938;0,0017;2024-09-30 11:01:17
Funileiro;245;0,0004;2024-09-30 11:01:17
Físico;7;0;2024-09-30 11:01:17
Gari ou Lixeiro;507;0,0009;2024-09-30 11:01:17
Garimpeiro;64;0,0001;2024-09-30 11:01:17
Garçom;559;0,001;2024-09-30 11:01:17
Geofísico;1;0;2024-09-30 11:01:17
Gerente;2283;0,0041;2024-09-30 11:01:17
Geógrafo;84;0,0002;2024-09-30 11:01:17
Geólogo;15;0;2024-09-30 11:01:17
Governanta;17;0;2024-09-30 11:01:17
Guardador de Veículos;8;0;2024-09-30 11:01:17
Guia de Turismo;164;0,0003;2024-09-30 11:01:17
Historiador;82;0,0001;2024-09-30 11:01:17
Industrial;631;0,0011;2024-09-30 11:01:17
Jardineiro;461;0,0008;2024-09-30 11:01:17
Joalheiro e Ourives;16;0;2024-09-30 11:01:17
Jornaleiro;42;0,0001;2024-09-30 11:01:17
Jornalista e Redator;1620;0,0029;2024-09-30 11:01:17
Lanterneiro e Pintor de Veículos;176;0,0003;2024-09-30 11:01:17
Lavador de Veículos;176;0,0003;2024-09-30 11:01:17
Lavandeiro, Tintureiro e Assemelhados;50;0,0001;2024-09-30 11:01:17
Leiloeiro, Avaliador e Assemelhados;9;0;2024-09-30 11:01:17
Leiturista;82;0,0001;2024-09-30 11:01:17
Locutor e Comentarista de Rádio e Televisão e Radialista;1674;0,003;2024-09-30 11:01:17
Magistrado;10;0;2024-09-30 11:01:17
Manicure e Maquilador;1007;0,0018;2024-09-30 11:01:17
Maquinista e Foguista de Embarcações e Assemelhados;27;0;2024-09-30 11:01:17
Marinheiro Civil, Canoeiro, Embarcado e Assemelhados;155;0,0003;2024-09-30 11:01:17
Massagista;213;0,0004;2024-09-30 11:01:17
Matemático e Atuário;21;0;2024-09-30 11:01:17
Mecânico de Manutenção;3439;0,0062;2024-09-30 11:01:17
Membro das Forças Armadas;187;0,0003;2024-09-30 11:01:17
Membro do Ministério Público;4;0;2024-09-30 11:01:17
Mestre e Contramestre de Embarcação;11;0;2024-09-30 11:01:17
Meteorologista;2;0;2024-09-30 11:01:17
Militar Reformado;1751;0,0031;2024-09-30 11:01:17
Ministro de Estado;9;0;2024-09-30 11:01:17
Ministro do Poder Judiciário;1;0;2024-09-30 11:01:17
Modelo;40;0,0001;2024-09-30 11:01:17
Montador de Estrutura Metálica;175;0,0003;2024-09-30 11:01:17
Montador de Máquinas;58;0,0001;2024-09-30 11:01:17
Motoboy;1320;0,0024;2024-09-30 11:01:17
Motorista Particular;6088;0,0109;2024-09-30 11:01:17
Motorista de Veículos de Transporte Coletivo de Passageiros;6156;0,011;2024-09-30 11:01:17
Motorista de Veículos de Transporte de Carga;5221;0,0094;2024-09-30 11:01:17
Médico;2734;0,0049;2024-09-30 11:01:17
Músico;1526;0,0027;2024-09-30 11:01:17
Nutricionista e Assemelhados;315;0,0006;2024-09-30 11:01:17
Não divulgável;279;0,0005;2024-09-30 11:01:17
Oceanógrafo;29;0,0001;2024-09-30 11:01:17
Ocupante de Cargo em Comissão;491;0,0009;2024-09-30 11:01:17
Odontólogo;1364;0,0024;2024-09-30 11:01:17
Office-Boy e Contínuo;59;0,0001;2024-09-30 11:01:17
Operador de Aparelhos de Produção Industrial;1289;0,0023;2024-09-30 11:01:17
Operador de Computador;123;0,0002;2024-09-30 11:01:17
Operador de Equipamento Médico e Odontológico;29;0,0001;2024-09-30 11:01:17
Operador de Equipamento de Rádio, Televisão, Som e Cinema;138;0,0002;2024-09-30 11:01:17
Operador de Implemento de Agricultura, Pecuária e Exploração Florestal;685;0,0012;2024-09-30 11:01:17
Operador de Instalação de Produção de Energia Elétrica e Nuclear;39;0,0001;2024-09-30 11:01:17
Outros;119332;0,214;2024-09-30 11:01:17
Padeiro, Confeiteiro e Assemelhados;1267;0,0023;2024-09-30 11:01:17
Paramédico;4;0;2024-09-30 11:01:17
Pecuarista;1614;0,0029;2024-09-30 11:01:17
Pedagogo;2994;0,0054;2024-09-30 11:01:17
Pescador;2805;0,005;2024-09-30 11:01:17
Petroleiro;24;0;2024-09-30 11:01:17
Piloto de Aviação Comercial, Navegador, Mecânico de Vôo e Assemelhados;39;0,0001;2024-09-30 11:01:17
Policial Civil;907;0,0016;2024-09-30 11:01:17
Policial Militar;3607;0,0065;2024-09-30 11:01:17
Porteiro de Edifício, Ascensorista, Garagista e Zelador;840;0,0015;2024-09-30 11:01:17
Prefeito;2241;0,004;2024-09-30 11:01:17
Produtor Agropecuário;3027;0,0054;2024-09-30 11:01:17
Produtor de Espetáculos Públicos;308;0,0006;2024-09-30 11:01:17
Professor de Ensino Fundamental;12632;0,0227;2024-09-30 11:01:17
Professor de Ensino Médio;8894;0,0159;2024-09-30 11:01:17
Professor de Ensino Superior;1548;0,0028;2024-09-30 11:01:17
Professor e Instrutor de Formação Profissional;1662;0,003;2024-09-30 11:01:17
Programador de Computador;65;0,0001;2024-09-30 11:01:17
Protético;155;0,0003;2024-09-30 11:01:17
Psicólogo;1049;0,0019;2024-09-30 11:01:17
Publicitário;624;0,0011;2024-09-30 11:01:17
Químico;105;0,0002;2024-09-30 11:01:17
Recepcionista;1003;0,0018;2024-09-30 11:01:17
Relações-Públicas;113;0,0002;2024-09-30 11:01:17
Relojoeiro e Montador de Instrumento de Precisão;28;0,0001;2024-09-30 11:01:17
Representante Comercial;1824;0,0033;2024-09-30 11:01:17
Sacerdote ou Membro de Ordem ou Seita Religiosa;919;0,0016;2024-09-30 11:01:17
Salva-Vidas;32;0,0001;2024-09-30 11:01:17
Secretário e Datilógrafo;942;0,0017;2024-09-30 11:01:17
Securitário;53;0,0001;2024-09-30 11:01:17
Senador;2;0;2024-09-30 11:01:17
Serralheiro;795;0,0014;2024-09-30 11:01:17
Serventuário de Justiça;139;0,0002;2024-09-30 11:01:17
Servidor Público Civil Aposentado;1525;0,0027;2024-09-30 11:01:17
Servidor Público Estadual;5577;0,01;2024-09-30 11:01:17
Servidor Público Federal;1424;0,0026;2024-09-30 11:01:17
Servidor Público Municipal;35487;0,0636;2024-09-30 11:01:17
Servidor da Justiça Eleitoral;10;0;2024-09-30 11:01:17
Sociólogo;115;0,0002;2024-09-30 11:01:17
Supervisor, Inspetor e Agente de Compras e Vendas;630;0,0011;2024-09-30 11:01:17
Tabelião;62;0,0001;2024-09-30 11:01:17
Tapeceiro;122;0,0002;2024-09-30 11:01:17
Taxista;1818;0,0033;2024-09-30 11:01:17
Telefonista;133;0,0002;2024-09-30 11:01:17
Terapeuta;220;0,0004;2024-09-30 11:01:17
Torneiro Mecânico;187;0,0003;2024-09-30 11:01:17
Trabalhador Dos Serviços de Contabilidade, de Caixa e Assemelhados;85;0,0002;2024-09-30 11:01:17
Trabalhador Florestal;68;0,0001;2024-09-30 11:01:17
Trabalhador Metalúrgico e Siderúrgico;347;0,0006;2024-09-30 11:01:17
Trabalhador Rural;8596;0,0154;2024-09-30 11:01:17
Trabalhador de Artes Gráficas;72;0,0001;2024-09-30 11:01:17
Trabalhador de Construção Civil;4005;0,0072;2024-09-30 11:01:17
Trabalhador de Curtimento;4;0;2024-09-30 11:01:17
Trabalhador de Fabricação de Calçados e Artefatos de Couro;150;0,0003;2024-09-30 11:01:17
Trabalhador de Fabricação de Papel e Papelão;15;0;2024-09-30 11:01:17
Trabalhador de Fabricação de Produtos Têxteis (Exceto Roupas);49;0,0001;2024-09-30 11:01:17
Trabalhador de Fabricação de Produtos de Borracha e Plástico;20;0;2024-09-30 11:01:17
Trabalhador de Fabricação de Roupas;265;0,0005;2024-09-30 11:01:17
Trabalhador de Fabricação e Preparação de Alimentos e Bebidas;239;0,0004;2024-09-30 11:01:17
Trabalhador de Fabricação, Vulcanização e Reparação de Pneumáticos;14;0;2024-09-30 11:01:17
Trabalhador de Hotelaria;54;0,0001;2024-09-30 11:01:17
Trabalhador de Minas e Pedreiras, Sondador e Assemelhados;48;0,0001;2024-09-30 11:01:17
Trabalhador de Tratamento de Fumo e de Fabricação de Cigarros/Charutos;10;0;2024-09-30 11:01:17
Trabalhador de Usinagem de Metais;47;0,0001;2024-09-30 11:01:17
Trabalhador em Atividade de Processamento Químico;17;0;2024-09-30 11:01:17
Tradutor, Intérprete e Filólogo;30;0,0001;2024-09-30 11:01:17
Técnico Contabilidade, Estatística, Economia Doméstica e Administração;955;0,0017;2024-09-30 11:01:17
Técnico Têxtil;16;0;2024-09-30 11:01:17
Técnico de Biologia;12;0;2024-09-30 11:01:17
Técnico de Eletricidade, Eletrônica e Telecomunicações;948;0,0017;2024-09-30 11:01:17
Técnico de Enfermagem e Assemelhados (Exceto Enfermeiro);4688;0,0084;2024-09-30 11:01:17
Técnico de Laboratório e Raios X;455;0,0008;2024-09-30 11:01:17
Técnico de Mecânica;228;0,0004;2024-09-30 11:01:17
Técnico de Mineração, Metalurgia e Geologia;87;0,0002;2024-09-30 11:01:17
Técnico de Obras Civis, Estradas, Saneamento e Assemelhados;418;0,0007;2024-09-30 11:01:17
Técnico de Química;94;0,0002;2024-09-30 11:01:17
Técnico em Agronomia e Agrimensura;645;0,0012;2024-09-30 11:01:17
Técnico em Edificações;178;0,0003;2024-09-30 11:01:17
Técnico em Informática;525;0,0009;2024-09-30 11:01:17
Vendedor Pracista, Representante, Caixeiro-Viajante e Assemelhados;4526;0,0081;2024-09-30 11:01:17
Vendedor de Comércio Varejista e Atacadista;5414;0,0097;2024-09-30 11:01:17
Vereador;24769;0,0444;2024-09-30 11:01:17
Veterinário;656;0,0012;2024-09-30 11:01:17
Vigilante;4733;0,0085;2024-09-30 11:01:17
Zootecnista;86;0,0002;2024-09-30 11:01:17
